,Gamma,Lognormal,Weibull,Exponential,Gamma 3p,Gen Lognormal
Gamma,0.0,-2807.523289464094,1982.8800425412483,11636.931370769133,95321.69546860014,-3735.8417450477427
Lognormal,2807.523289464094,0.0,4790.403332005342,14444.454660233227,98129.21875806423,-928.3184555836488
Weibull,-1982.8800425412483,-4790.403332005342,0.0,9654.051328227884,93338.81542605889,-5718.721787588991
Exponential,-11636.931370769133,-14444.454660233227,-9654.051328227884,0.0,83684.76409783101,-15372.773115816875
Gamma 3p,-95321.69546860014,-98129.21875806423,-93338.81542605889,-83684.76409783101,0.0,-99057.53721364788
Gen Lognormal,3735.8417450477427,928.3184555836488,5718.721787588991,15372.773115816875,99057.53721364788,0.0
