,Gamma,Lognormal,Weibull,Exponential,Gamma 3p,Gen Lognormal
Gamma,0.0,-5128.526293570525,8758.00107709621,41508.76926374179,127137.80750648194,-6284.611918218085
Lognormal,5128.526293570525,0.0,13886.527370666736,46637.29555731232,132266.33380005247,-1156.0856246475596
Weibull,-8758.00107709621,-13886.527370666736,0.0,32750.768186645582,118379.80642938573,-15042.612995314295
Exponential,-41508.76926374179,-46637.29555731232,-32750.768186645582,0.0,85629.03824274015,-47793.38118195988
Gamma 3p,-127137.80750648194,-132266.33380005247,-118379.80642938573,-85629.03824274015,0.0,-133422.41942470003
Gen Lognormal,6284.611918218085,1156.0856246475596,15042.612995314295,47793.38118195988,133422.41942470003,0.0
