wave,cases,hosp,hosp_lower,hosp_upper,icu,icu_lower,icu_upper,death,death_lower,death_upper
1.0,38313.0,0.37253673687782213,0.36769552916902,0.37737794458662427,0.13940437971445724,0.1359361106182817,0.14287264881063277,0.14475504397985017,0.14123184537928662,0.14827824258041372
2.0,50244.0,0.2707586975559271,0.2668733235998882,0.27464407151196596,0.10413183663721041,0.10146116924818613,0.1068025040262347,0.09919592389140992,0.09658214965875855,0.10180969812406129
3.0,91330.0,0.20720464250520093,0.20457605976312207,0.2098332252472798,0.07665608233877148,0.07493065601883288,0.07838150865871009,0.09348516369210555,0.09159717161809769,0.09537315576611341
4.0,52176.0,0.09816773995706839,0.09561468607909081,0.10072079383504597,0.01803511192885618,0.016893232889995044,0.019176990967717314,0.029668813247470102,0.028212942624744254,0.03112468387019595
