wave,cases,hosp,hosp_lower,hosp_upper,icu,icu_lower,icu_upper,death,death_lower,death_upper
1.0,270931.0,0.1113272383005267,0.110142860132388,0.11251161646866539,0.03989576681885794,0.03915881118762448,0.0406327224500914,0.02692936577947891,0.02631982328653463,0.02753890827242319
2.0,331060.0,0.07419803056847701,0.07330523921651491,0.07509082192043912,0.025602609798828006,0.02506458175843908,0.02614063783921693,0.018329003805956624,0.017872076464215562,0.018785931147697686
3.0,781860.0,0.05437802164070294,0.053875385081387166,0.054880658200018716,0.020038114240401094,0.01972750339907906,0.02034872508172313,0.01687642288900826,0.0165909085994992,0.01716193717851732
4.0,305481.0,0.028119588452309635,0.02753336001227751,0.02870581689234176,0.004458542429807418,0.004222286827175201,0.004694798032439635,0.005614097112422704,0.005349141313547686,0.005879052911297722
