wave,cases,hosp,hosp_lower,hosp_upper,icu,icu_lower,icu_upper,death,death_lower,death_upper
1.0,37755.0,0.3659382863196928,0.36107946930362733,0.3707971033357582,0.13452522844656337,0.1310833943768852,0.13796706251624152,0.14268308833267118,0.13915517587761986,0.1462110007877225
2.0,50103.0,0.2715206674251043,0.2676263953588663,0.27541493949134227,0.10442488473744087,0.10174713961599939,0.10710262985888234,0.09947508133245514,0.09685435758220785,0.10209580508270243
3.0,91234.0,0.20742267137251463,0.20479168458453237,0.2100536581604969,0.07673674288094351,0.07500957644459799,0.07846390931728903,0.09358353245500581,0.09169365630808018,0.09547340860193143
4.0,51976.0,0.09848776358319224,0.09592609103070596,0.10104943613567852,0.018085270124672925,0.01693963570929051,0.01923090454005534,0.029571340618747114,0.028114996594981824,0.031027684642512404
