,Gamma,Lognormal,Weibull,Exponential,Gen Lognormal
Gamma,0.0,-13629.990768045187,3691.2021879722015,6320.802786902408,-13748.769997221767
Lognormal,13629.990768045187,0.0,17321.19295601739,19950.793554947595,-118.77922917657997
Weibull,-3691.2021879722015,-17321.19295601739,0.0,2629.6005989302066,-17439.97218519397
Exponential,-6320.802786902408,-19950.793554947595,-2629.6005989302066,0.0,-20069.572784124175
Gen Lognormal,13748.769997221767,118.77922917657997,17439.97218519397,20069.572784124175,0.0
