,Gamma,Lognormal,Weibull,Exponential,Gen Lognormal
Gamma,0.0,-547.5283709218493,1163.4985791060608,4007.5410287222767,-603.1672240652842
Lognormal,547.5283709218493,0.0,1711.02695002791,4555.069399644126,-55.63885314343497
Weibull,-1163.4985791060608,-1711.02695002791,0.0,2844.042449616216,-1766.665803171345
Exponential,-4007.5410287222767,-4555.069399644126,-2844.042449616216,0.0,-4610.708252787561
Gen Lognormal,603.1672240652842,55.63885314343497,1766.665803171345,4610.708252787561,0.0
