,Gamma,Lognormal,Weibull,Exponential,Gen Lognormal
Gamma,0.0,-562.1207735075732,1166.0487400438287,3994.0908468821726,-618.3517885057663
Lognormal,562.1207735075732,0.0,1728.169513551402,4556.211620389746,-56.23101499819313
Weibull,-1166.0487400438287,-1728.169513551402,0.0,2828.042106838344,-1784.400528549595
Exponential,-3994.0908468821726,-4556.211620389746,-2828.042106838344,0.0,-4612.442635387939
Gen Lognormal,618.3517885057663,56.23101499819313,1784.400528549595,4612.442635387939,0.0
