,Gamma,Lognormal,Weibull,Exponential,Gen Lognormal
Gamma,0.0,658.862720019184,1390.759217872721,6954.734369549726,366.5771801180381
Lognormal,-658.862720019184,0.0,731.8964978535369,6295.871649530542,-292.28553990114597
Weibull,-1390.759217872721,-731.8964978535369,0.0,5563.975151677005,-1024.1820377546828
Exponential,-6954.734369549726,-6295.871649530542,-5563.975151677005,0.0,-6588.157189431688
Gen Lognormal,-366.5771801180381,292.28553990114597,1024.1820377546828,6588.157189431688,0.0
