,Gamma,Lognormal,Weibull,Exponential,Gen Lognormal
Gamma,0.0,-1718.7509951143293,1117.642060142709,8799.554502968589,-2181.8535272428708
Lognormal,1718.7509951143293,0.0,2836.393055257038,10518.305498082918,-463.1025321285415
Weibull,-1117.642060142709,-2836.393055257038,0.0,7681.91244282588,-3299.4955873855797
Exponential,-8799.554502968589,-10518.305498082918,-7681.91244282588,0.0,-10981.40803021146
Gen Lognormal,2181.8535272428708,463.1025321285415,3299.4955873855797,10981.40803021146,0.0
