,Gamma,Lognormal,Weibull,Exponential,Gen Lognormal
Gamma,0.0,-1759.0193324124557,1222.3167177802243,9009.450350037223,-2143.343283491442
Lognormal,1759.0193324124557,0.0,2981.33605019268,10768.469682449679,-384.3239510789863
Weibull,-1222.3167177802243,-2981.33605019268,0.0,7787.133632256999,-3365.6600012716663
Exponential,-9009.450350037223,-10768.469682449679,-7787.133632256999,0.0,-11152.793633528665
Gen Lognormal,2143.343283491442,384.3239510789863,3365.6600012716663,11152.793633528665,0.0
