,Gamma,Lognormal,Weibull,Exponential,Gen Lognormal
Gamma,0.0,-2771.406982435321,6302.684666462825,33106.205439037876,-3320.6686787450453
Lognormal,2771.406982435321,0.0,9074.091648898146,35877.6124214732,-549.2616963097244
Weibull,-6302.684666462825,-9074.091648898146,0.0,26803.52077257505,-9623.35334520787
Exponential,-33106.205439037876,-35877.6124214732,-26803.52077257505,0.0,-36426.87411778292
Gen Lognormal,3320.6686787450453,549.2616963097244,9623.35334520787,36426.87411778292,0.0
