,Gamma,Lognormal,Weibull,Exponential,Gen Lognormal
Gamma,0.0,-2772.0828999018995,6302.787957385415,33105.66278190556,-3321.511633026239
Lognormal,2772.0828999018995,0.0,9074.870857287315,35877.74568180746,-549.4287331243395
Weibull,-6302.787957385415,-9074.870857287315,0.0,26802.874824520142,-9624.299590411654
Exponential,-33105.66278190556,-35877.74568180746,-26802.874824520142,0.0,-36427.1744149318
Gen Lognormal,3321.511633026239,549.4287331243395,9624.299590411654,36427.1744149318,0.0
